Country,Total_Chars,Total_Actors,Density_per_10k
CAN,84942,97.0,11.41955687410233
GER,139300,169.0,12.132089016511125
UK,134319,144.0,10.720746878699215
USA,44202,41.0,9.275598389213158
