Country,Academia,Civil Society,Government,Industry
GER,48.837209302325576,11.046511627906977,20.930232558139537,17.441860465116278
UK,24.22360248447205,14.906832298136646,37.267080745341616,13.043478260869565
USA,4.166666666666666,2.083333333333333,79.16666666666666,0.0
CAN,10.884353741496598,5.442176870748299,44.89795918367347,4.761904761904762
