Country,Academia,Civil Society,Government,Industry
GER,6.030150753768845,1.3639626704953338,2.5843503230437905,2.1536252692031588
CAN,1.883638247274611,0.9418191236373055,7.77000777000777,0.8240917331826423
UK,2.9035356129810377,1.7867911464498694,4.466977866124673,1.5634422531436356
USA,0.45246821410795895,0.22623410705397948,8.596896068051219,0.0
